{"frame_0.png": {"x": -1.5721529052825645e-05, "y": -0.0001452775759389624, "rot": -2.6108205929631367e-05, "width": 5.0, "height": 5.0}, "frame_1.png": {"x": 1.907592377392575e-05, "y": -0.05230504274368286, "rot": -6.663829844910651e-05, "width": 5.0, "height": 5.0}, "frame_2.png": {"x": 6.741809193044901e-05, "y": -0.1044435203075409, "rot": -5.4478201491292566e-05, "width": 5.0, "height": 5.0}, "frame_3.png": {"x": 0.010274982079863548, "y": -0.3002343773841858, "rot": 0.03965911641716957, "width": 5.0, "height": 5.0}, "frame_4.png": {"x": 0.08826461434364319, "y": -0.47730323672294617, "rot": 0.2385520190000534, "width": 5.0, "height": 5.0}, "frame_5.png": {"x": 0.1996058225631714, "y": -0.6229948997497559, "rot": 0.44477954506874084, "width": 5.0, "height": 5.0}, "frame_6.png": {"x": 0.3397013545036316, "y": -0.7604107856750488, "rot": 0.6513526439666748, "width": 5.0, "height": 5.0}, "frame_7.png": {"x": 0.5056933760643005, "y": -0.8799322843551636, "rot": 0.8552700877189636, "width": 5.0, "height": 5.0}, "frame_8.png": {"x": 0.7000439763069153, "y": -0.9690597057342529, "rot": 1.0645360946655273, "width": 5.0, "height": 5.0}, "frame_9.png": {"x": 0.931145429611206, "y": -0.9925355911254883, "rot": 1.2977757453918457, "width": 5.0, "height": 5.0}, "frame_10.png": {"x": 1.175923466682434, "y": -0.9135904908180237, "rot": 1.5524007081985474, "width": 5.0, "height": 5.0}, "frame_11.png": {"x": 1.3952556848526, "y": -0.763008713722229, "rot": 1.8141093254089355, "width": 5.0, "height": 5.0}, "frame_12.png": {"x": 1.5779789686203003, "y": -0.5249685049057007, "rot": 2.097266435623169, "width": 5.0, "height": 5.0}, "frame_13.png": {"x": 1.6847517490386963, "y": -0.06949539482593536, "rot": 2.4389913082122803, "width": 5.0, "height": 5.0}, "frame_14.png": {"x": 1.617943525314331, "y": 0.43730995059013367, "rot": 2.7911252975463867, "width": 5.0, "height": 5.0}, "frame_15.png": {"x": 1.3755576610565186, "y": 0.8886396884918213, "rot": -3.132700204849243, "width": 5.0, "height": 5.0}, "frame_16.png": {"x": 1.147129774093628, "y": 0.9446104168891907, "rot": -2.8729591369628906, "width": 5.0, "height": 5.0}, "frame_17.png": {"x": 1.1005858182907104, "y": 0.7144272327423096, "rot": -2.7669472694396973, "width": 5.0, "height": 5.0}, "frame_18.png": {"x": 1.1234238147735596, "y": 0.4168700575828552, "rot": -2.7145943641662598, "width": 5.0, "height": 5.0}, "frame_19.png": {"x": 1.166071891784668, "y": 0.09565228968858719, "rot": -2.689016819000244, "width": 5.0, "height": 5.0}, "frame_20.png": {"x": 1.154999852180481, "y": -0.32444050908088684, "rot": -2.7883059978485107, "width": 5.0, "height": 5.0}, "frame_21.png": {"x": 1.21151602268219, "y": -0.43017613887786865, "rot": -2.6622402667999268, "width": 5.0, "height": 5.0}, "frame_22.png": {"x": 1.3290784358978271, "y": -0.18050988018512726, "rot": -2.2713100910186768, "width": 5.0, "height": 5.0}, "frame_23.png": {"x": 1.344076156616211, "y": 0.10669776797294617, "rot": -1.8704309463500977, "width": 5.0, "height": 5.0}, "frame_24.png": {"x": 1.2322702407836914, "y": 0.4104856848716736, "rot": -1.4492006301879883, "width": 5.0, "height": 5.0}, "frame_25.png": {"x": 1.1211169958114624, "y": 0.4207203984260559, "rot": -1.1901142597198486, "width": 5.0, "height": 5.0}, "frame_26.png": {"x": 1.1044174432754517, "y": 0.17569565773010254, "rot": -1.1320452690124512, "width": 5.0, "height": 5.0}, "frame_27.png": {"x": 1.1124268770217896, "y": -0.12251225858926773, "rot": -1.0917904376983643, "width": 5.0, "height": 5.0}, "frame_28.png": {"x": 1.1455270051956177, "y": -0.2661828398704529, "rot": -0.9472835063934326, "width": 5.0, "height": 5.0}, "frame_29.png": {"x": 1.2086573839187622, "y": -0.08379151672124863, "rot": -0.5747888088226318, "width": 5.0, "height": 5.0}, "frame_30.png": {"x": 1.214508056640625, "y": 0.05478653684258461, "rot": -0.23461638391017914, "width": 5.0, "height": 5.0}, "frame_31.png": {"x": 1.2266221046447754, "y": -0.08422519266605377, "rot": -0.09436582028865814, "width": 5.0, "height": 5.0}, "frame_32.png": {"x": 1.2338018417358398, "y": -0.37061983346939087, "rot": -0.08131390064954758, "width": 5.0, "height": 5.0}, "frame_33.png": {"x": 1.1840789318084717, "y": -0.7648378610610962, "rot": -0.17051655054092407, "width": 5.0, "height": 5.0}, "frame_34.png": {"x": 1.1206402778625488, "y": -1.0975754261016846, "rot": -0.24286961555480957, "width": 5.0, "height": 5.0}, "frame_35.png": {"x": 1.388467788696289, "y": -1.0007766485214233, "rot": 0.0038712790701538324, "width": 5.0, "height": 5.0}, "frame_36.png": {"x": 1.7447386980056763, "y": -0.5055291652679443, "rot": 0.4718186557292938, "width": 5.0, "height": 5.0}, "frame_37.png": {"x": 1.8332746028900146, "y": 0.14692465960979462, "rot": 0.9648144245147705, "width": 5.0, "height": 5.0}, "frame_38.png": {"x": 1.5911176204681396, "y": 0.7848746180534363, "rot": 1.4682896137237549, "width": 5.0, "height": 5.0}, "frame_39.png": {"x": 1.313024878501892, "y": 0.9311860799789429, "rot": 1.7845680713653564, "width": 5.0, "height": 5.0}, "frame_40.png": {"x": 1.1572355031967163, "y": 0.8023136854171753, "rot": 1.9593144655227661, "width": 5.0, "height": 5.0}, "frame_41.png": {"x": 1.0166640281677246, "y": 0.662405252456665, "rot": 2.14572811126709, "width": 5.0, "height": 5.0}, "frame_42.png": {"x": 0.8817905783653259, "y": 0.5334928631782532, "rot": 2.363380193710327, "width": 5.0, "height": 5.0}, "frame_43.png": {"x": 0.7794197201728821, "y": 0.3714013695716858, "rot": 2.578155517578125, "width": 5.0, "height": 5.0}, "frame_44.png": {"x": 0.7202296853065491, "y": 0.18512748181819916, "rot": 2.783642292022705, "width": 5.0, "height": 5.0}, "frame_45.png": {"x": 0.6974251866340637, "y": -0.005176976323127747, "rot": 2.992875576019287, "width": 5.0, "height": 5.0}, "frame_46.png": {"x": 0.7127233743667603, "y": -0.322379469871521, "rot": 3.0897138118743896, "width": 5.0, "height": 5.0}, "frame_47.png": {"x": 0.7262485027313232, "y": -0.711145281791687, "rot": 3.1069228649139404, "width": 5.0, "height": 5.0}, "frame_48.png": {"x": 0.6964088678359985, "y": -1.115072250366211, "rot": 3.083207368850708, "width": 5.0, "height": 5.0}, "frame_49.png": {"x": 0.2934870719909668, "y": -1.4002714157104492, "rot": 2.7855515480041504, "width": 5.0, "height": 5.0}, "frame_50.png": {"x": -0.33327019214630127, "y": -1.4230036735534668, "rot": 2.34071683883667, "width": 5.0, "height": 5.0}, "frame_51.png": {"x": -0.586771547794342, "y": -1.611919641494751, "rot": 2.1740200519561768, "width": 5.0, "height": 5.0}, "frame_52.png": {"x": -1.1239330768585205, "y": -1.6079673767089844, "rot": 1.8457412719726562, "width": 5.0, "height": 5.0}, "frame_53.png": {"x": -1.7682058811187744, "y": -1.1931935548782349, "rot": 1.3934296369552612, "width": 5.0, "height": 5.0}, "frame_54.png": {"x": -2.13496470451355, "y": -0.6049638390541077, "rot": 0.9854368567466736, "width": 5.0, "height": 5.0}, "frame_55.png": {"x": -2.243835926055908, "y": -0.16760492324829102, "rot": 0.6982955932617188, "width": 5.0, "height": 5.0}, "frame_56.png": {"x": -2.208486318588257, "y": 0.3772340714931488, "rot": 0.36752697825431824, "width": 5.0, "height": 5.0}, "frame_57.png": {"x": -2.001173734664917, "y": 0.8728410601615906, "rot": 0.0406358540058136, "width": 5.0, "height": 5.0}, "frame_58.png": {"x": -1.8458832502365112, "y": 0.8811718225479126, "rot": -0.14985527098178864, "width": 5.0, "height": 5.0}, "frame_59.png": {"x": -1.8240559101104736, "y": 0.5400209426879883, "rot": -0.19146929681301117, "width": 5.0, "height": 5.0}, "frame_60.png": {"x": -1.8240901231765747, "y": 0.1883881688117981, "rot": -0.21465526521205902, "width": 5.0, "height": 5.0}, "frame_61.png": {"x": -1.844161033630371, "y": -0.10642369836568832, "rot": -0.2600151002407074, "width": 5.0, "height": 5.0}, "frame_62.png": {"x": -1.8866169452667236, "y": -0.3892950117588043, "rot": -0.30693143606185913, "width": 5.0, "height": 5.0}, "frame_63.png": {"x": -1.9267901182174683, "y": -0.6372929811477661,